;Adj Close;Adj Close;Adj Close;Adj Close;Adj Close;Adj Close;Adj Close;Adj Close;Adj Close;Adj Close;Adj Close;Volume;Volume;Volume;Volume;Volume;Volume;Volume;Volume;Volume;Volume;Volume
;CAT;F;INTC;JPM;MKC;MSFT;NKE;UPS;WMT;XOM;^IRX;CAT;F;INTC;JPM;MKC;MSFT;NKE;UPS;WMT;XOM;^IRX
Date;;;;;;;;;;;;;;;;;;;;;;
2000-12;13.426957130432129;12.510590553283691;17.97237205505371;23.754150390625;5.809333324432373;13.602910041809082;5.512079238891602;33.70949935913086;35.416011810302734;21.869665145874023;5.730000019073486;79328600.0;116791300.0;1120692200.0;200159000.0;9706000.0;2056668200.0;242557600.0;31549600.0;172787800.0;246466000.0;0.0
2001-01;12.54932975769043;15.047398567199707;22.119842529296875;28.748071670532227;5.904670715332031;19.149921417236328;5.440067768096924;35.51692199707031;37.91337203979492;21.168453216552734;4.840000152587891;100271800.0;126191800.0;1211434900.0;247102800.0;11913600.0;2005531200.0;307727200.0;32679300.0;179925700.0;311749600.0;0.0
2001-02;11.895666122436523;15.004972457885742;17.07561492919922;24.57196044921875;6.366353511810303;18.503093719482422;3.859769582748413;32.43572235107422;33.43452835083008;20.388628005981445;4.71999979019165;54466000.0;90557300.0;909408600.0;154547500.0;11599600.0;1536895600.0;310156800.0;18528800.0;136950200.0;202850800.0;0.0
2001-03;12.690614700317383;15.172234535217285;15.739311218261719;23.64510726928711;6.802121639251709;17.150650024414062;3.9903061389923096;32.7536735534668;33.70819854736328;20.48291015625;4.179999828338623;99983000.0;131030200.0;1421494900.0;204257600.0;18193600.0;1895349800.0;227849600.0;23005000.0;169447700.0;277832200.0;0.0
2001-04;14.35486888885498;15.90602970123291;18.48939323425293;25.2670841217041;6.397515773773193;21.2471981048584;4.141491889953613;33.07025909423828;34.5864372253418;22.404762268066406;3.8299999237060547;90777200.0;113711700.0;1232602500.0;167154700.0;12639200.0;2075807000.0;198206400.0;24133300.0;149743600.0;265479800.0;0.0
2001-05;15.596696853637695;13.272592544555664;16.156536102294922;26.096525192260742;6.5765838623046875;21.695659637451172;4.071163177490234;34.22154235839844;34.59312438964844;22.442697525024414;3.5399999618530273;105511600.0;145986800.0;966714700.0;149322200.0;17928400.0;1777305800.0;202687200.0;27980500.0;146569900.0;256474800.0;0.0
2001-06;14.413117408752441;13.381614685058594;17.507396697998047;23.611644744873047;6.840299129486084;22.89366340637207;4.159322738647461;33.378875732421875;32.621158599853516;22.19753074645996;3.559999942779541;92980200.0;118509600.0;1008249200.0;157719500.0;12656400.0;1449177800.0;221994400.0;21233100.0;122370700.0;249846400.0;0.0
2001-07;15.867385864257812;13.883082389831543;17.84258270263672;22.99041175842285;6.982385158538818;20.757965087890625;4.7168288230896;32.81869888305664;37.42087936401367;21.229022979736328;3.440000057220459;96153000.0;84425600.0;965577600.0;131864500.0;12342400.0;1455201000.0;198777600.0;15583900.0;154027100.0;225712600.0;0.0
2001-08;14.493451118469238;10.830653190612793;16.735275268554688;21.076143264770508;7.392923355102539;17.891551971435547;4.959859848022461;31.89472007751465;32.165889739990234;20.410558700561523;3.2799999713897705;89029600.0;131204300.0;951559900.0;135245300.0;11084800.0;1153896400.0;186447200.0;15824400.0;151455300.0;190175200.0;0.0
2001-09;12.986130714416504;9.569782257080078;12.241849899291992;18.26778221130371;7.491059303283691;16.04751205444336;4.643421173095703;30.12095069885254;33.13654327392578;20.14159393310547;2.299999952316284;86049000.0;129333500.0;1066764600.0;175067700.0;15087200.0;1510824400.0;242140800.0;32051500.0;174327700.0;194900700.0;0.0
2001-10;12.962944030761719;8.852737426757812;14.625543594360352;18.915050506591797;7.19111967086792;18.23653221130371;4.9024224281311035;29.553056716918945;34.46165084838867;20.16716194152832;2.009999990463257;93458800.0;126336100.0;1237428800.0;205630000.0;15485600.0;1750891000.0;247352800.0;27136800.0;187933400.0;225004000.0;0.0
2001-11;13.848892211914062;10.545333862304688;19.560623168945312;20.375471115112305;7.066227436065674;20.13701057434082;5.262950897216797;32.577911376953125;36.97587585449219;19.119171142578125;1.7300000190734863;78951800.0;110822200.0;1113379500.0;150775700.0;10805600.0;1330968600.0;179064000.0;26741700.0;158067900.0;241588300.0;0.0
2001-12;15.259481430053711;8.752518653869629;18.850261688232422;19.63542366027832;6.896962642669678;20.776779174804688;5.585740566253662;31.69189453125;38.5849723815918;20.208240509033203;1.6699999570846558;60542600.0;144339500.0;851932500.0;180358700.0;15154000.0;977089000.0;308527200.0;24092500.0;135601900.0;239401800.0;0.0
2002-01;14.684147834777832;8.518671989440918;21.00200843811035;18.393024444580078;7.299294948577881;19.980209350585938;5.9568023681640625;33.424781799316406;40.26472854614258;20.079683303833008;1.7200000286102295;77160000.0;344648200.0;1104847100.0;225098800.0;16976400.0;1360115800.0;256148800.0;31239900.0;150831500.0;199811900.0;0.0
2002-02;16.33057403564453;8.34192180633545;17.112077713012695;15.949352264404297;8.091980934143066;18.296112060546875;5.852402210235596;34.27377700805664;41.627471923828125;21.23663902282715;1.7200000286102295;80121800.0;180655600.0;958632000.0;285216300.0;17069600.0;1131159200.0;171968000.0;29724200.0;151688900.0;201045400.0;0.0
2002-03;16.72479820251465;9.244510650634766;18.237646102905273;19.439123153686523;8.443734169006348;18.913928985595703;5.966742515563965;35.47403335571289;41.15085220336914;22.671552658081055;1.7400000095367432;98922000.0;203611100.0;923979300.0;211048800.0;18389200.0;1073244200.0;258675200.0;36214200.0;151343400.0;220308800.0;0.0
2002-04;16.068750381469727;8.969809532165527;17.15813446044922;19.139223098754883;8.504743576049805;16.38934898376465;5.307805061340332;35.03062057495117;37.543331146240234;20.778371810913086;1.7300000190734863;92976600.0;159584500.0;977552800.0;189633900.0;14702400.0;1417479400.0;276537600.0;31497800.0;173902500.0;241394100.0;0.0
2002-05;15.474462509155273;9.894824981689453;16.564407348632812;19.793304443359375;8.710393905639648;15.965975761413574;5.349606990814209;35.228981018066406;36.36043930053711;20.654239654541016;1.7050000429153442;82261200.0;181075200.0;976795600.0;150664200.0;12508200.0;1420266200.0;227011200.0;28508700.0;174180400.0;214574500.0;0.0
2002-06;14.491581916809082;9.026223182678223;10.964848518371582;18.67561912536621;8.54123306274414;17.15456771850586;5.339653968811035;36.146217346191406;36.97205352783203;21.288711547851562;1.659000039100647;83337800.0;149817300.0;1334010600.0;177232000.0;15017000.0;1834073000.0;284765600.0;46838700.0;198082500.0;234310800.0;0.0
2002-07;13.233379364013672;7.598954200744629;11.276931762695312;13.742438316345215;7.577252388000488;15.047093391418457;4.911561489105225;38.24767303466797;33.096126556396484;19.12445640563965;1.6649999618530273;113194600.0;235272400.0;1507029200.0;350909700.0;19779800.0;2432188000.0;339646400.0;249645200.0;256873400.0;419930100.0;0.0
2002-08;13.024970054626465;6.690601348876953;10.004599571228027;14.694591522216797;7.710480690002441;15.392073631286621;4.30272102355957;37.41060256958008;35.98984909057617;18.442930221557617;1.6449999809265137;87458600.0;200953900.0;1182004600.0;247681100.0;12819800.0;1715757200.0;407546400.0;77243900.0;216148600.0;256030500.0;0.0
2002-09;11.108830451965332;5.570764064788818;8.346158027648926;10.570086479187012;7.5939106941223145;13.71738338470459;4.30272102355957;36.708335876464844;33.13648986816406;16.702739715576172;1.5269999504089355;92368200.0;235740200.0;1253168200.0;308858000.0;13729200.0;1695705800.0;274517600.0;57825800.0;189286100.0;237509300.0;0.0
2002-10;12.192259788513184;4.809048652648926;10.395139694213867;11.549722671508789;7.441601276397705;16.768827438354492;4.70887565612793;35.22895812988281;36.08681869506836;17.624279022216797;1.4170000553131104;113969000.0;399858500.0;1881026700.0;372556800.0;22125000.0;2475370600.0;302560000.0;91345600.0;281372000.0;325718700.0;0.0
2002-11;15.029062271118164;6.547319412231445;12.546273231506348;14.255492210388184;7.960236549377441;18.089130401611328;4.468389511108398;37.19559097290039;36.32269287109375;18.221176147460938;1.2020000219345093;70786200.0;236067200.0;1250526600.0;243834500.0;13793000.0;1555997200.0;245716800.0;49414900.0;172707800.0;219486100.0;0.0
2002-12;13.77011775970459;5.350621223449707;9.365608215332031;13.592840194702148;7.762823581695557;16.213729858398438;4.4374566078186035;37.14299774169922;34.0381965637207;18.415109634399414;1.1820000410079956;64249200.0;186738200.0;1176184400.0;203658000.0;15556600.0;1268370200.0;267160800.0;43736900.0;172622000.0;245602600.0;0.0
2003-01;13.246051788330078;5.241306304931641;9.41973876953125;13.219032287597656;7.530102252960205;14.884020805358887;4.451662063598633;35.52374267578125;32.259456634521484;17.998746871948242;1.1480000019073486;77487200.0;181561300.0;1296861600.0;243213700.0;18592000.0;1718662200.0;209041600.0;51520900.0;177204400.0;268464500.0;0.0
2003-02;14.261432647705078;4.837340354919434;10.376154899597168;13.029817581176758;7.7754998207092285;14.86520004272461;4.6345648765563965;33.88090896606445;32.4349250793457;17.930233001708984;1.1749999523162842;73422000.0;138109200.0;972981900.0;168216300.0;13022200.0;1346970800.0;197583200.0;40375600.0;147045300.0;220545200.0;0.0
2003-03;14.928986549377441;4.37221097946167;9.805222511291504;13.621562004089355;8.115028381347656;15.233911514282227;5.1392998695373535;33.682865142822266;35.11422348022461;18.545368194580078;1.090000033378601;106602600.0;338753100.0;1292712700.0;224183400.0;63489800.0;1371902600.0;328340800.0;67064600.0;177796800.0;271091900.0;0.0
2003-04;15.960664749145508;5.988534927368164;11.082067489624023;16.861785888671875;8.333537101745605;16.089675903320312;5.357981204986572;36.70841979980469;38.07503890991211;18.67802619934082;1.1009999513626099;85260200.0;326044500.0;1222054300.0;241402800.0;18491000.0;1249617700.0;218646400.0;71010400.0;169673200.0;230596000.0;0.0
2003-05;15.929911613464355;6.164550304412842;12.539595603942871;19.146984100341797;9.083513259887695;15.485602378845215;5.604208469390869;36.891632080078125;35.56690979003906;19.31477165222168;1.0850000381469727;87144200.0;222804200.0;1286127600.0;204510000.0;19238000.0;1311003700.0;230232000.0;54571500.0;190744000.0;241625800.0;0.0
2003-06;17.0020809173584;6.4522294998168945;12.54676342010498;19.916126251220703;9.184818267822266;16.13372230529785;5.353977680206299;37.76935577392578;36.28351593017578;19.190519332885742;0.8379999995231628;72492800.0;244649400.0;1356186800.0;210944900.0;15342200.0;1569995800.0;327230400.0;47443600.0;166620900.0;244445200.0;0.0
2003-07;20.609615325927734;6.493326663970947;15.006672859191895;20.42305564880371;8.631022453308105;16.61823844909668;5.185305595397949;37.401729583740234;37.859745025634766;19.014169692993164;0.9269999861717224;154290200.0;198436000.0;1431224400.0;198713700.0;20605600.0;1292011000.0;224850400.0;45049000.0;157989300.0;260446600.0;0.0
2003-08;22.073184967041016;6.850128650665283;17.237476348876953;20.139768600463867;9.056758880615234;16.68745231628418;5.710451126098633;37.21199417114258;40.06727981567383;20.14710807800293;0.9599999785423279;114846800.0;153898800.0;1148633000.0;183969800.0;13451200.0;966506900.0;184159200.0;36833100.0;136669300.0;212805700.0;0.0
2003-09;21.15435028076172;6.3819966316223145;16.605571746826172;20.204509735107422;9.300984382629395;17.49288558959961;6.09528923034668;37.97731399536133;37.819129943847656;19.69407844543457;0.9259999990463257;114352800.0;185932300.0;1165832900.0;173570000.0;14752000.0;1253309100.0;261538400.0;53730400.0;175100700.0;224083400.0;0.0
2003-10;22.518756866455078;7.187891960144043;19.882028579711914;21.128517150878906;10.054018020629883;16.448345184326172;6.4120683670043945;43.16793441772461;39.91831588745117;19.683319091796875;0.9319999814033508;134677400.0;242877500.0;1220535000.0;201848900.0;17011000.0;1400032500.0;238666400.0;70859500.0;152140600.0;256091700.0;0.0
2003-11;23.480323791503906;7.885538578033447;20.238037109375;21.036405563354492;9.774555206298828;16.268529891967773;6.748223781585693;43.316741943359375;37.73643112182617;19.478839874267578;0.9079999923706055;70724200.0;219813100.0;904543000.0;119712400.0;15715400.0;1442336700.0;239918400.0;50744100.0;172384700.0;224482300.0;0.0
2003-12;25.632320404052734;9.558228492736816;19.350467681884766;21.826749801635742;10.254929542541504;17.318925857543945;6.869640350341797;44.530113220214844;35.9798469543457;22.21628761291504;0.9070000052452087;98818000.0;280253200.0;1082622400.0;145825100.0;13623400.0;1476461300.0;265883200.0;38914500.0;280065600.0;257997900.0;0.0
2004-01;24.12253761291504;8.68603801727295;18.426713943481445;23.110328674316406;10.160025596618652;17.496109008789062;7.000980854034424;42.57090759277344;36.58648681640625;22.10250473022461;0.8970000147819519;115642400.0;254929800.0;1125545500.0;292400100.0;18075200.0;1232189000.0;184354400.0;46798500.0;201663800.0;238350800.0;0.0
2004-02;23.49156379699707;8.26595687866211;17.629745483398438;24.60382843017578;10.704309463500977;16.78740692138672;7.361786365509033;42.188629150390625;40.4659423828125;22.850271224975586;0.9269999861717224;97757400.0;225828200.0;1096668000.0;161986400.0;12869200.0;1032065600.0;171486400.0;36319200.0;225419200.0;199643700.0;0.0
2004-03;24.521150588989258;8.157751083374023;16.44318962097168;25.161645889282227;11.474531173706055;15.774969100952148;7.826107025146484;41.88147735595703;40.55427932739258;22.675935745239258;0.9229999780654907;114666200.0;217960600.0;1699989600.0;213536600.0;19851400.0;1703041000.0;291142400.0;49871900.0;222337300.0;285284900.0;0.0
2004-04;24.105609893798828;9.233827590942383;15.554519653320312;22.552513122558594;11.693610191345215;16.5342960357666;7.240582466125488;42.06736755371094;38.81370162963867;23.199352264404297;0.9520000219345093;104244600.0;267841600.0;1377614900.0;205652600.0;14901000.0;1558947800.0;200372800.0;44580500.0;193281000.0;225169900.0;0.0
2004-05;23.474628448486328;8.983275413513184;17.259296417236328;22.275875091552734;12.186102867126465;16.59756088256836;7.160076141357422;43.008872985839844;37.94889450073242;23.58100700378418;1.0520000457763672;108621400.0;230621700.0;1195945600.0;200758000.0;22381600.0;1141456900.0;256339200.0;38354000.0;205337100.0;237764400.0;0.0
2004-06;24.74884796142578;9.467222213745117;16.71042823791504;23.442893981933594;11.68765640258789;18.071924209594727;7.622987270355225;45.25928497314453;35.83383560180664;24.369949340820312;1.3029999732971191;90343400.0;205915100.0;1025083900.0;174976400.0;21274200.0;1534889700.0;200580800.0;40653000.0;214484500.0;249433500.0;0.0
2004-07;22.895174026489258;8.904633522033691;14.760878562927246;22.572168350219727;12.346835136413574;18.027631759643555;7.327451705932617;43.326568603515625;36.18192672729492;25.407093048095703;1.4119999408721924;100267200.0;185123900.0;1685420600.0;225139100.0;19451400.0;1550446900.0;199154400.0;43822800.0;210007000.0;217947100.0;0.0
2004-08;22.7666072845459;8.593374252319336;12.890037536621094;24.144407272338867;11.58055305480957;17.274639129638672;7.589473247528076;43.98284912109375;35.94985580444336;25.297327041625977;1.5679999589920044;101815200.0;153879700.0;1268945500.0;178960500.0;23708000.0;1094195300.0;163166400.0;40945600.0;186258300.0;245975700.0;0.0
2004-09;25.193588256835938;8.556832313537598;12.165464401245117;24.235897064208984;11.853241920471191;17.547712326049805;7.941186428070068;45.89120864868164;36.397701263427734;26.68010139465332;1.6740000247955322;91925400.0;161073600.0;1564929800.0;185980900.0;14298800.0;1141012300.0;223154400.0;44177200.0;206640300.0;262349900.0;0.0
2004-10;25.22178077697754;7.9356255531311035;13.499667167663574;23.546579360961914;12.229477882385254;17.750797271728516;8.204740524291992;47.86176300048828;36.890296936035156;27.171409606933594;1.8669999837875366;117885000.0;222653300.0;1523801700.0;216650400.0;13962600.0;1300591200.0;202959200.0;51421000.0;185838900.0;247700600.0;0.0
2004-11;28.81589126586914;8.702234268188477;13.572434425354004;23.162296295166016;12.632269859313965;17.014617919921875;8.542780876159668;50.865970611572266;35.61774826049805;28.292068481445312;2.181999921798706;101121000.0;151039100.0;1424847200.0;222462100.0;14971800.0;1739407300.0;222089600.0;48550500.0;238267700.0;244145100.0;0.0
2004-12;30.691823959350586;8.984532356262207;14.21009349822998;23.99896812438965;13.37739086151123;18.89982795715332;9.15124797821045;51.831031799316406;36.13771438598633;28.450693130493164;2.181999921798706;80197800.0;150609800.0;1490134800.0;209201600.0;13335400.0;1803777700.0;196408800.0;50488900.0;231643800.0;286965800.0;0.0
2005-01;28.044734954833984;8.082399368286133;13.639017105102539;22.96544075012207;12.93494701385498;18.588605880737305;8.754182815551758;45.292999267578125;35.93766784667969;28.63941192626953;2.421999931335449;139000400.0;201008700.0;1589091300.0;231082900.0;22845800.0;1521414300.0;154428800.0;115083000.0;183923700.0;245378900.0;315900.0
2005-02;30.049026489257812;7.822407245635986;14.574612617492676;22.68255615234375;13.22029972076416;17.796388626098633;8.786518096923828;46.99724578857422;35.39586639404297;35.138771057128906;2.690000057220459;88455400.0;156431200.0;1420647100.0;203306200.0;14046800.0;1361126000.0;209337600.0;59520300.0;181560100.0;368112500.0;2959200.0
2005-03;28.907772064208984;7.006152153015137;14.163067817687988;21.472402572631836;11.98144245147705;17.148883819580078;8.41869068145752;44.30176544189453;34.36711120605469;33.24161911010742;2.7219998836517334;132860200.0;249706600.0;1362583000.0;266804300.0;25728800.0;1541411300.0;312577600.0;61183400.0;373812500.0;550792900.0;2008200.0
2005-04;27.836050033569336;5.633366584777832;14.33988094329834;22.024734497070312;12.092949867248535;17.950626373291016;7.773111820220947;43.43083572387695;32.425498962402344;31.808210372924805;2.8369998931884766;140176000.0;338405800.0;1365595400.0;274126100.0;20554000.0;1520253700.0;249906400.0;81841700.0;337397100.0;420482400.0;631600.0
2005-05;29.89105796813965;6.237424850463867;16.43721580505371;22.40853500366211;11.830740928649902;18.30538558959961;8.31857681274414;44.85598373413086;32.487396240234375;31.345287322998047;2.881999969482422;82046600.0;340305600.0;1293616200.0;199696300.0;22339400.0;1270563700.0;235928000.0;52985700.0;255131200.0;401416300.0;474000.0
2005-06;30.272184371948242;6.3999223709106445;15.9175443649292;22.13900375366211;11.425190925598145;17.680156707763672;8.763853073120117;42.310447692871094;33.260772705078125;32.21688461303711;3.059999942779541;108161400.0;318812500.0;1169082600.0;197370200.0;28935000.0;1303029500.0;326050400.0;66229400.0;238335200.0;359084600.0;158000.0
2005-07;34.24560546875;6.712418556213379;16.60268783569336;22.026182174682617;12.159370422363281;18.228221893310547;8.49299430847168;44.64131546020508;34.05433654785156;32.934425354003906;3.3320000171661377;131865400.0;200316200.0;1067827200.0;187460100.0;27121600.0;1321407700.0;238440000.0;53806800.0;183397900.0;329633500.0;473700.0
2005-08;35.41507339477539;6.288870811462402;15.734014511108398;21.449138641357422;11.913647651672363;19.488033294677734;7.997401237487793;43.36882400512695;31.024986267089844;33.57910919189453;3.430000066757202;70426200.0;235811500.0;994634900.0;193472900.0;17462400.0;1441979300.0;356301600.0;46527700.0;280401100.0;394547100.0;0.0
2005-09;37.495689392089844;6.219484329223633;15.1233491897583;21.474456787109375;11.463944435119629;18.367956161499023;8.278138160705566;42.485992431640625;30.333980560302734;35.794212341308594;3.4700000286102295;88176000.0;234833000.0;1085852500.0;211341400.0;51097200.0;1348861500.0;495809600.0;53641900.0;445029400.0;430770300.0;0.0
2005-10;33.56421661376953;5.248082637786865;14.417803764343262;23.17698097229004;10.641828536987305;18.346538543701172;8.532173156738281;44.827545166015625;32.749900817871094;31.625553131103516;3.805000066757202;121644100.0;418776800.0;1165374500.0;269054600.0;25357800.0;1439659900.0;261707200.0;59013700.0;309168500.0;519294300.0;0.0
2005-11;37.04368209838867;5.192018985748291;16.368799209594727;24.452272415161133;11.022499084472656;19.76000213623047;8.659063339233398;47.87587356567383;33.61519241333008;32.69024658203125;3.8570001125335693;72431200.0;362280700.0;1130819800.0;237640300.0;17106200.0;1444948300.0;213472000.0;57231200.0;267771900.0;391813500.0;0.0
2005-12;37.037269592285156;4.930183410644531;15.366148948669434;25.372827529907227;10.916581153869629;18.72249984741211;8.810318946838379;46.37761306762695;32.3968391418457;31.80396842956543;3.984999895095825;58110100.0;351545800.0;1104580800.0;200859300.0;21097600.0;1271695500.0;354718400.0;52243800.0;258541900.0;333738200.0;0.0
2006-01;43.53179168701172;5.479400634765625;13.08831787109375;25.411176681518555;10.72879409790039;20.154428482055664;8.232200622558594;46.22950744628906;32.01629638671875;35.529640197753906;4.369999885559082;89668100.0;598794200.0;1852525400.0;262471900.0;27021200.0;1388622700.0;347512800.0;60390300.0;322518700.0;408984300.0;0.0
2006-02;47.03954315185547;5.149580001831055;12.681999206542969;26.524158477783203;11.65926456451416;19.237993240356445;8.825080871582031;46.10607147216797;31.49551010131836;33.6158447265625;4.506999969482422;77432200.0;297568500.0;1590202000.0;189953500.0;21987400.0;1047699000.0;252378400.0;42946200.0;236340600.0;366218200.0;0.0
2006-03;46.22208023071289;5.143118381500244;12.036954879760742;26.846529006958008;12.025062561035156;19.547439575195312;8.6542329788208;49.2332763671875;32.80087661743164;34.642581939697266;4.514999866485596;108660100.0;481735400.0;1935500400.0;254538100.0;22963000.0;1437940900.0;318510400.0;59854200.0;267987900.0;423277300.0;0.0
2006-04;48.751708984375;4.490537643432617;12.35859489440918;29.25782012939453;12.435050010681152;17.34915542602539;8.337910652160645;50.28145217895508;31.38215446472168;35.9062385559082;4.650000095367432;105671800.0;615060800.0;1498496500.0;208177900.0;15777000.0;1446126900.0;206466400.0;51678700.0;197107100.0;341320100.0;0.0
2006-05;47.1049919128418;4.691381454467773;11.146246910095215;27.716005325317383;12.299382209777832;16.271574020385742;8.182035446166992;49.95894241333008;33.76561737060547;34.67102813720703;4.715000152587891;105463500.0;551201100.0;1676106300.0;262343700.0;21099400.0;2309193400.0;267000000.0;55200100.0;302008400.0;433413200.0;0.0
2006-06;48.09294891357422;4.540679931640625;11.812724113464355;27.30001449584961;11.978062629699707;16.803796768188477;8.252333641052246;51.29822540283203;33.688209533691406;35.097137451171875;4.860000133514404;125089900.0;570531000.0;1609055300.0;271716100.0;35071200.0;1971637200.0;326280000.0;52651000.0;245733000.0;503806800.0;0.0
2006-07;45.761898040771484;4.3703227043151855;11.191001892089844;29.65298843383789;12.517168998718262;17.351909637451172;8.06404972076416;42.93647384643555;31.121557235717773;38.752742767333984;4.934999942779541;100269500.0;547360400.0;1271383700.0;239719400.0;26607800.0;1332298100.0;315201600.0;125364200.0;269589700.0;419971700.0;0.0
2006-08;43.02983093261719;5.52428674697876;12.167102813720703;29.921222686767578;13.072303771972656;18.53466796875;8.243703842163086;43.64680099487305;31.27541160583496;38.71269989013672;4.90500020980835;123763300.0;900324300.0;1287884000.0;198516600.0;19784200.0;1134188400.0;421105600.0;103094500.0;237088700.0;507318400.0;0.0
2006-09;42.67315673828125;5.339484691619873;12.861946105957031;30.77311134338379;13.632238388061523;19.797273635864258;8.943948745727539;45.06181335449219;34.623050689697266;38.564720153808594;4.760000228881836;131482400.0;976324100.0;1396655300.0;182171700.0;25666200.0;1097482600.0;450955200.0;59389400.0;265210400.0;474291100.0;0.0
2006-10;39.37214279174805;5.4648847579956055;13.343411445617676;31.087663650512695;13.424066543579102;20.781702041625977;9.396788597106934;47.19777297973633;34.594974517822266;41.04757308959961;4.940000057220459;227837900.0;562889900.0;1587909000.0;247025600.0;22509600.0;1290967400.0;259665600.0;71789300.0;365494300.0;458300600.0;0.0
2006-11;40.403656005859375;5.365884780883789;13.380928039550781;30.54500961303711;13.964736938476562;21.252199172973633;10.119852066040039;48.80757522583008;32.36256790161133;44.14540100097656;4.889999866485596;141566300.0;423233000.0;1182225800.0;184245600.0;18824200.0;1239142000.0;213671200.0;66293200.0;371959900.0;407406000.0;0.0
2006-12;39.94770431518555;4.95667839050293;12.723382949829102;31.878206253051758;13.907035827636719;21.688020706176758;10.128034591674805;47.1915283203125;32.41873550415039;44.232879638671875;4.885000228881836;90510900.0;1949105900.0;909179000.0;204996600.0;17297600.0;1137160900.0;258766400.0;51738400.0;278046300.0;386455900.0;0.0
2007-01;41.732418060302734;5.365884780883789;13.169486045837402;33.614013671875;14.152155876159668;22.414348602294922;10.124606132507324;45.49216079711914;33.602420806884766;42.772483825683594;4.974999904632568;146428400.0;1253117800.0;1614851100.0;255322500.0;21920000.0;1324518200.0;273166400.0;78694400.0;289921200.0;504732000.0;0.0
2007-02;42.178131103515625;5.2206830978393555;12.478342056274414;32.82870101928711;13.880279541015625;20.460535049438477;10.704560279846191;44.1767578125;34.03929138183594;41.3755989074707;4.994999885559082;121567100.0;804246600.0;1175995900.0;217186600.0;11898400.0;1290850900.0;283613600.0;71284700.0;278003300.0;401419000.0;0.0
2007-03;43.880165100097656;5.207481384277344;12.083986282348633;32.15739440917969;13.96365737915039;20.31283187866211;10.887971878051758;44.36852264404297;33.08102798461914;43.737220764160156;4.894999980926514;117114500.0;1042261300.0;1380681800.0;354058700.0;27722600.0;1269506500.0;329332800.0;87080400.0;347369500.0;611224400.0;0.0
2007-04;47.539588928222656;5.306483268737793;13.581063270568848;34.6299934387207;13.456151008605957;21.821533203125;11.057130813598633;44.5773811340332;33.926109313964844;46.01538848876953;4.724999904632568;123696300.0;696489400.0;1477884000.0;301906400.0;26828000.0;958964900.0;203464800.0;70466100.0;257144500.0;451394900.0;0.0
2007-05;51.66465377807617;5.50448751449585;14.010602951049805;34.695064544677734;13.588541984558105;22.368165969848633;11.650430679321289;45.552085876464844;33.699562072753906;48.2123908996582;4.590000152587891;114335500.0;774390500.0;1282004400.0;242848700.0;24470000.0;1327154700.0;259559600.0;74163300.0;309199900.0;443527200.0;0.0
2007-06;51.48055648803711;6.217297077178955;15.07369327545166;32.432491302490234;13.912858009338379;21.54855728149414;11.966584205627441;46.47763442993164;34.21871566772461;48.83388900756836;4.670000076293945;111517100.0;923970500.0;1332613900.0;323308000.0;37822600.0;1181412800.0;389084000.0;80667400.0;443564800.0;506912200.0;0.0
2007-07;51.809268951416016;5.6166887283325195;14.997495651245117;29.460342407226562;12.447967529296875;21.197580337524414;11.627453804016113;48.20939636230469;32.682403564453125;49.56161880493164;4.809999942779541;190310400.0;1322019100.0;1499628800.0;517826100.0;43641600.0;1295548000.0;319975200.0;93996100.0;345381600.0;559643700.0;0.0
2007-08;50.025386810302734;5.1546807289123535;16.349939346313477;30.033952713012695;13.129194259643555;21.00746726989746;11.60479736328125;48.29853820800781;31.03226661682129;49.91092300415039;3.990000009536743;149824200.0;963134100.0;1533784300.0;670058600.0;48309800.0;1228579500.0;346503200.0;123473400.0;561399200.0;687544000.0;0.0
2007-09;51.78159713745117;5.603488445281982;16.49649429321289;30.91095542907715;13.176820755004883;21.616741180419922;12.082666397094727;47.814674377441406;31.20315170288086;54.10270309448242;3.700000047683716;103023100.0;843237500.0;1186023200.0;347252900.0;27408600.0;1117419500.0;291098800.0;68038800.0;376154000.0;446258200.0;0.0
2007-10;49.2595329284668;5.854291915893555;17.159927368164062;31.706989288330078;12.832470893859863;27.009923934936523;13.69377326965332;48.082637786865234;32.31831741333008;53.769500732421875;3.819999933242798;152536000.0;1072907700.0;1566472800.0;427511900.0;26718400.0;1772076700.0;353234800.0;72091100.0;437028000.0;513452200.0;0.0
2007-11;47.69290542602539;4.95667839050293;16.6368350982666;31.026031494140625;14.076136589050293;24.654542922973633;13.567705154418945;47.17348861694336;34.241268157958984;52.11534118652344;3.069999933242798;136830100.0;1009426900.0;1368224000.0;632312100.0;37237600.0;1830846800.0;233026000.0;98214200.0;432340500.0;548075900.0;0.0
2007-12;48.130714416503906;4.441870212554932;17.078838348388672;29.686241149902344;13.965619087219238;26.20844268798828;13.276298522949219;45.539188385009766;33.976776123046875;54.97610855102539;3.140000104904175;101556400.0;757103000.0;943306700.0;462894600.0;20525600.0;1064817100.0;233625200.0;77264800.0;304526500.0;386223600.0;0.0
2008-01;47.08930206298828;4.3824687004089355;13.517011642456055;32.23660659790039;12.451809883117676;23.99985694885254;12.719267845153809;46.98802947998047;36.43490982055664;50.28765106201172;1.8700000047683716;185870400.0;1158120600.0;2466431600.0;894659000.0;40953400.0;1950301600.0;419696000.0;150599000.0;594609500.0;614692200.0;0.0
2008-02;48.2484130859375;4.309867858886719;12.793116569519043;27.888731002807617;12.763006210327148;20.024423599243164;12.484915733337402;45.230079650878906;35.6091423034668;51.05634689331055;1.784999966621399;125207900.0;763577100.0;1461654100.0;630381200.0;26080600.0;2324580800.0;240372800.0;86884300.0;476630200.0;491055000.0;0.0
2008-03;52.22407150268555;3.775259017944336;13.650684356689453;29.466693878173828;13.69662094116211;20.974302291870117;14.102560043334961;47.316951751708984;37.827972412109375;49.84467697143555;1.274999976158142;150671400.0;1295999800.0;1355904700.0;1076808500.0;30294000.0;1452390200.0;388726800.0;121381700.0;490180000.0;608218000.0;0.0
2008-04;54.61882781982422;5.451686382293701;14.346747398376465;32.69123077392578;14.00041389465332;21.077777862548828;13.90628719329834;46.92165756225586;41.831878662109375;54.84800338745117;1.340000033378601;152873700.0;1884881200.0;1281765800.0;707297700.0;26150800.0;1444720000.0;292848000.0;114705400.0;439232000.0;483071200.0;0.0
2008-05;55.37808609008789;4.488070487976074;14.939695358276367;29.74146270751953;14.004135131835938;20.929962158203125;14.23313045501709;46.02094268798828;41.658729553222656;52.30803298950195;1.850000023841858;105461300.0;1053065500.0;1143725900.0;563598400.0;22372600.0;1405170200.0;262823600.0;105610500.0;392991100.0;575856500.0;0.0
2008-06;49.46767807006836;3.174649953842163;13.926718711853027;23.73092269897461;13.288654327392578;20.406185150146484;12.409489631652832;40.0844841003418;40.71870040893555;52.16878128051758;1.7050000429153442;157326900.0;1298279800.0;1135974600.0;939120600.0;36125000.0;1560439100.0;380941200.0;132606400.0;443348300.0;565696300.0;0.0
2008-07;46.58620834350586;3.1680490970611572;14.387048721313477;28.10222053527832;14.94321346282959;19.07840919494629;12.257379531860352;41.13435363769531;42.472068786621094;47.61075210571289;1.6349999904632568;191282000.0;1473192300.0;1379893000.0;1268229800.0;41184800.0;1637501300.0;398798800.0;148532000.0;495577900.0;685444100.0;0.0
2008-08;47.680992126464844;2.9436466693878174;14.8279390335083;26.92022132873535;15.167236328125;20.242992401123047;12.660529136657715;41.81254577636719;42.7981071472168;47.362152099609375;1.690000057220459;117844000.0;1026615100.0;1085887300.0;750472600.0;37668400.0;1206949700.0;239295600.0;92873100.0;395839100.0;543017900.0;0.0
2008-09;40.17795944213867;3.432053327560425;12.219703674316406;32.662353515625;14.417309761047363;19.876890182495117;13.97441577911377;41.305171966552734;43.567222595214844;46.205833435058594;0.8999999761581421;193168200.0;1435125400.0;1623820500.0;1386597500.0;49299600.0;1927538700.0;429137200.0;138410300.0;560153900.0;770778000.0;0.0
2008-10;25.751632690429688;1.4454227685928345;10.458185195922852;28.85059356689453;12.621236801147461;16.629858016967773;12.082939147949219;34.66509246826172;40.59920883178711;44.099632263183594;0.4350000023841858;323153200.0;1674304400.0;2340996600.0;1587863300.0;57449000.0;3044579400.0;580011200.0;196661900.0;748361300.0;1384259200.0;0.0
2008-11;27.911163330078125;1.7754278182983398;9.00330638885498;22.314117431640625;11.226873397827148;15.058477401733398;11.1646089553833;37.83077621459961;40.650142669677734;47.687347412109375;0.019999999552965164;237504700.0;1661350900.0;1534106100.0;1436151000.0;42531000.0;1794911800.0;379518400.0;142032100.0;514798100.0;1006470600.0;0.0
2008-12;30.416969299316406;1.5114232301712036;9.647446632385254;22.222484588623047;12.015058517456055;14.575660705566406;10.69286823272705;36.549461364746094;40.781063079833984;47.77006530761719;0.11500000208616257;234596100.0;2541585300.0;1330676100.0;1154247300.0;35835400.0;1546943400.0;364402400.0;123914200.0;469411500.0;996412900.0;0.0
2009-01;21.006574630737305;1.2342195510864258;8.48922348022461;17.979557037353516;12.175736427307129;12.821182250976562;9.533123016357422;28.154212951660156;34.42593002319336;45.765445709228516;0.2199999988079071;301693700.0;1017368400.0;1272188700.0;1571005200.0;33593000.0;1564043400.0;280087600.0;109150100.0;518547200.0;844182900.0;0.0
2009-02;16.93838882446289;1.3200206756591797;8.383933067321777;16.30124855041504;11.913521766662598;12.108896255493164;8.749401092529297;27.286205291748047;35.97481155395508;40.631187438964844;0.25;313927400.0;574172400.0;1328263700.0;1715266600.0;33707400.0;1456213400.0;289726800.0;128076100.0;509033200.0;771508100.0;0.0
2009-03;19.244094848632812;1.735827088356018;9.992829322814941;18.96224021911621;11.237093925476074;13.867835998535156;9.878630638122559;32.960689544677734;38.06432342529297;40.95622253417969;0.20000000298023224;389518100.0;963893100.0;1633445000.0;2805950700.0;62249200.0;1625752800.0;412890800.0;180574200.0;545295500.0;933460300.0;0.0
2009-04;24.488739013671875;3.9468629360198975;10.491470336914062;23.54228401184082;11.191493034362793;15.294633865356445;11.119540214538574;35.050025939941406;37.03001022338867;40.09618377685547;0.125;327377200.0;2468701200.0;1505340900.0;2113301200.0;45104200.0;1562400700.0;287046000.0;130863400.0;450522100.0;632859600.0;0.0
2009-05;24.720582962036133;3.7950594425201416;10.451581954956055;26.371416091918945;11.69268798828125;15.770225524902344;12.090141296386719;34.24644088745117;36.54510498046875;41.707977294921875;0.12999999523162842;267558500.0;2367699800.0;1338935300.0;1541580000.0;34425800.0;1101122400.0;309504000.0;111312600.0;377048900.0;530458500.0;0.0
2009-06;23.03349494934082;4.006263256072998;11.096663475036621;24.37746810913086;12.462753295898438;18.058353424072266;10.97331714630127;33.766239166259766;35.78187561035156;42.29568099975586;0.18000000715255737;268893800.0;1823650100.0;1304048600.0;1418979800.0;39480400.0;1411144700.0;379703200.0;112336300.0;417698500.0;596987800.0;0.0
2009-07;30.715965270996094;5.280082702636719;12.90699577331543;27.622089385986328;12.343985557556152;17.868427276611328;12.055062294006348;36.29247283935547;36.845577239990234;42.586082458496094;0.17499999701976776;353336500.0;1857588800.0;1726189600.0;1083420300.0;30783800.0;1517459800.0;297748000.0;99846900.0;369068900.0;560318900.0;0.0
2009-08;31.984376907348633;5.016078948974609;13.62442398071289;31.105260848999023;12.570822715759277;18.726898193359375;11.789015769958496;36.11009216308594;37.576873779296875;41.83588409423828;0.12999999523162842;237738200.0;1711751600.0;1109221900.0;851531100.0;22881200.0;993250400.0;269588000.0;71223800.0;344252000.0;437664700.0;0.0
2009-09;36.23390197753906;4.758674621582031;13.21733283996582;31.36290740966797;13.099594116210938;19.64966583251953;13.770528793334961;38.47123718261719;36.460941314697266;41.76272201538086;0.11500000208616257;222423900.0;1410174900.0;1065272900.0;710240100.0;33124000.0;1038979700.0;426029200.0;94852600.0;375673300.0;419180700.0;0.0
2009-10;38.86690902709961;4.620073318481445;12.906651496887207;29.895689010620117;13.608498573303223;21.185264587402344;13.296534538269043;36.57050323486328;36.899147033691406;43.62531661987305;0.04500000178813934;251894800.0;1469989800.0;1704082000.0;857048300.0;30061600.0;1523430100.0;302178800.0;99643700.0;374017800.0;501283200.0;0.0
2009-11;41.51613998413086;5.867491722106934;12.967436790466309;30.447799682617188;13.868922233581543;22.468761444091797;13.876036643981934;39.152496337890625;40.51628112792969;45.694889068603516;0.05000000074505806;158271000.0;2284758600.0;1184437600.0;644655200.0;22136800.0;1018256700.0;175682400.0;82444200.0;306009700.0;356438100.0;0.0
2009-12;40.52070999145508;6.600103378295898;13.882964134216309;29.86019515991211;14.043839454650879;23.38915252685547;14.128366470336914;39.38961410522461;39.69927215576172;41.7486572265625;0.05000000074505806;127667400.0;1313338600.0;1038055000.0;755880700.0;19326400.0;920605500.0;214435200.0;84683700.0;264681300.0;648945000.0;0.0
2010-01;37.14339065551758;7.154510974884033;13.202424049377441;27.903913497924805;14.21131706237793;21.624223709106445;13.68881893157959;39.66426086425781;39.8845329284668;39.446624755859375;0.07000000029802322;221630500.0;2556631300.0;1509082400.0;1029066400.0;26064400.0;1359650900.0;183847600.0;116238300.0;291591500.0;596474300.0;0.0
2010-02;40.840118408203125;7.748520374298096;13.971428871154785;30.111312866210938;14.528429985046387;22.000228881835938;14.515519142150879;40.33025360107422;40.36227798461914;39.79560089111328;0.11500000208616257;181246700.0;1612414400.0;1125494400.0;876257200.0;24793600.0;1074643300.0;196404000.0;98613700.0;278505000.0;534843200.0;0.0
2010-03;44.99213790893555;8.296331405639648;15.29052448272705;32.10581588745117;15.017800331115723;22.581098556518555;15.782401084899902;44.590431213378906;41.5044059753418;41.27537155151367;0.15000000596046448;183568900.0;3180990000.0;1290896200.0;755522200.0;36322600.0;1110237200.0;245335600.0;119403100.0;270764400.0;582728200.0;0.0
2010-04;48.7432746887207;8.59333610534668;15.667806625366211;30.548948287963867;15.491515159606934;23.54477882385254;16.365219116210938;47.86497116088867;40.266990661621094;41.76218795776367;0.1550000011920929;180996600.0;2545750200.0;1550379100.0;947688500.0;26809000.0;1319029500.0;199108000.0;119385000.0;282951100.0;531285400.0;0.0
2010-05;43.76731491088867;7.741920471191406;14.693717956542969;28.42837142944336;15.203575134277344;19.89048194885254;15.60420036315918;43.44814682006836;37.95487594604492;37.25752639770508;0.15000000596046448;243089900.0;2714125100.0;1830571300.0;1137332300.0;38560400.0;1720130200.0;370556400.0;129018700.0;398119000.0;768609600.0;0.0
2010-06;43.2702751159668;6.652904510498047;13.436434745788574;26.295166015625;14.963122367858887;17.819578170776367;14.56291389465332;39.657588958740234;36.29528045654297;35.40732192993164;0.17000000178813934;217757100.0;1788548000.0;1364086200.0;975653600.0;46755000.0;1671811600.0;306146800.0;115071400.0;390548500.0;808522600.0;0.0
2010-07;50.24308395385742;8.428330421447754;14.230877876281738;28.931140899658203;15.503151893615723;19.987974166870117;15.934774398803711;45.311004638671875;38.65104293823242;37.026611328125;0.14000000059604645;183221000.0;1740320300.0;1607900800.0;832405700.0;33902000.0;1408590600.0;268348800.0;102326300.0;280340800.0;613489500.0;0.0
2010-08;47.249332427978516;7.451516151428223;12.206774711608887;26.15131378173828;15.824398040771484;18.175825119018555;15.147122383117676;44.47449493408203;37.858238220214844;36.672977447509766;0.13500000536441803;152193100.0;1339522800.0;1741791400.0;723429400.0;34217600.0;1279372100.0;221693200.0;95335100.0;272559100.0;475629700.0;0.0
2010-09;57.053062438964844;8.07852554321289;13.364910125732422;27.37401008605957;16.685672760009766;19.066909790039062;17.341291427612305;46.82659149169922;40.64615249633789;38.610008239746094;0.1550000011920929;173789800.0;1108738500.0;1347521700.0;717143800.0;29738000.0;1273139500.0;283139600.0;91598800.0;216284000.0;423362300.0;0.0
2010-10;56.995059967041016;9.325947761535645;13.956583023071289;27.06474494934082;17.54297637939453;20.764162063598633;17.688812255859375;47.28297805786133;41.1397819519043;41.546852111816406;0.10999999940395355;168307200.0;1521047100.0;1399157800.0;949249000.0;29315200.0;1281432800.0;222612800.0;95658300.0;208445100.0;430427600.0;0.0
2010-11;61.68374252319336;10.520567893981934;14.729252815246582;26.934024810791016;17.577178955078125;19.66639518737793;18.707475662231445;49.24199676513672;41.07904052734375;43.46517562866211;0.1599999964237213;144417600.0;2621318600.0;1126956500.0;760406300.0;23571200.0;1361176300.0;189888800.0;77606700.0;241802400.0;486318500.0;0.0
2010-12;68.28958892822266;11.081575393676758;14.753358840942383;30.54922866821289;18.58364486694336;21.863100051879883;18.55326271057129;51.31183624267578;40.95753860473633;45.97734832763672;0.11500000208616257;105120500.0;1070529800.0;920821000.0;665999200.0;29621400.0;1033710000.0;212482800.0;76620000.0;246182100.0;409237200.0;0.0
2011-01;70.73216247558594;10.527164459228516;15.055024147033691;32.36402893066406;17.75900650024414;21.72209358215332;17.978290557861328;50.63315963745117;42.818260192871094;50.73102951049805;0.14499999582767487;117969700.0;2089855900.0;1449438700.0;827482200.0;32528200.0;1361258700.0;181603600.0;75609800.0;260656500.0;449380100.0;0.0
2011-02;75.40144348144531;9.933156967163086;15.062033653259277;33.66293716430664;19.145160675048828;20.821250915527344;19.405996322631836;52.174346923828125;39.69491195678711;53.78068923950195;0.13500000536441803;109968500.0;1811316400.0;1002697600.0;597586300.0;26366800.0;1114368500.0;177180400.0;90685100.0;276839200.0;443594000.0;0.0
2011-03;81.56951141357422;9.840752601623535;14.276905059814453;33.23755645751953;19.217493057250977;20.00662612915039;16.500446319580078;52.9109001159668;39.74836349487305;53.17914962768555;0.09000000357627869;178338000.0;1694518000.0;1330377500.0;684643600.0;38595200.0;1310885200.0;425141200.0;109112500.0;279247300.0;439334000.0;0.0
2011-04;84.5436782836914;10.210358619689941;16.37811279296875;32.898704528808594;19.735788345336914;20.42424774169922;18.00660514831543;53.37363052368164;42.28016662597656;55.612754821777344;0.03999999910593033;128001300.0;1391133800.0;1446913800.0;577996200.0;26087600.0;1313844800.0;223100800.0;66257700.0;177992800.0;309722400.0;0.0
2011-05;77.82662963867188;9.847354888916016;15.92532730102539;31.344602584838867;20.285154342651367;19.707199096679688;18.47252655029297;52.31998062133789;42.46472930908203;52.76197052001953;0.03999999910593033;173428400.0;1097287800.0;1583498800.0;586460300.0;20920400.0;1364062800.0;197235200.0;81672900.0;195699000.0;403834500.0;0.0
2011-06;78.3121337890625;9.101544380187988;15.800827980041504;29.677331924438477;20.034570693969727;20.62157440185547;19.68215560913086;52.28551483154297;41.13556671142578;51.73259353637695;0.014999999664723873;189665100.0;1533251800.0;1183643100.0;807200100.0;27076600.0;1297757600.0;337338800.0;100324800.0;282564700.0;444344200.0;0.0
2011-07;72.6700668334961;8.058725357055664;15.922038078308105;29.322141647338867;19.662742614746094;21.731964111328125;19.794025421142578;49.625709533691406;40.802703857421875;50.72185516357422;0.09000000357627869;177654200.0;1175379700.0;945313300.0;666695700.0;20423000.0;1259328200.0;241526400.0;91426500.0;198103900.0;375467600.0;0.0
2011-08;67.22247314453125;7.339314937591553;14.353368759155273;27.394458770751953;19.424720764160156;21.097463607788086;19.025548934936523;48.3137321472168;41.17428207397461;47.05390930175781;0.014999999664723873;307561600.0;2067271200.0;1552667100.0;1190346900.0;34131200.0;1719339500.0;346141200.0;167215000.0;424527100.0;774165900.0;0.0
2011-09;54.54623794555664;6.38230037689209;15.364689826965332;21.96808624267578;18.762197494506836;19.86579132080078;18.775236129760742;45.63862609863281;40.46633529663086;46.47520065307617;0.009999999776482582;230736600.0;1226287900.0;1336431600.0;1031994300.0;34493400.0;1279920200.0;327130000.0;141924800.0;275866100.0;550523400.0;0.0
2011-10;69.77840423583984;7.708920001983643;17.66868019104004;25.352272033691406;19.73769187927246;21.254560470581055;21.231306076049805;50.7625732421875;44.2244758605957;49.9690055847168;0.004999999888241291;241048600.0;1642757200.0;1523540600.0;1065099100.0;30435200.0;1218142500.0;232694800.0;102705600.0;268820500.0;514198800.0;0.0
2011-11;72.70504760742188;6.996108531951904;17.935075759887695;22.78687286376953;19.915454864501953;20.4165096282959;21.193849563598633;51.853843688964844;45.92421340942383;51.472755432128906;0.014999999664723873;180926400.0;1090835600.0;1137108100.0;836433900.0;25416400.0;1046207400.0;196018400.0;88836500.0;222113300.0;444321100.0;0.0
2011-12;67.29745483398438;7.101711273193359;17.61497688293457;24.46442413330078;20.618831634521484;20.875831604003906;21.2357177734375;53.28177261352539;46.59474563598633;54.56024932861328;0.004999999888241291;146394200.0;1002379200.0;987696800.0;818108000.0;21818000.0;1007166600.0;221889600.0;84150800.0;193606900.0;380150300.0;0.0
2012-01;81.0540771484375;8.197328567504883;19.191247940063477;27.444305419921875;20.794950485229492;23.746660232543945;23.000919342041016;55.072628021240234;48.1412239074707;53.903663635253906;0.054999999701976776;165142400.0;1264807200.0;1119898300.0;722165800.0;19151200.0;1354858100.0;193462000.0;85746400.0;163577000.0;333545900.0;0.0
2012-02;85.21412658691406;8.202994346618652;19.525388717651367;29.07953643798828;20.757930755615234;25.52383804321289;23.87017250061035;56.04814147949219;46.35239791870117;55.68029022216797;0.07500000298023224;118148000.0;898481400.0;782982800.0;565332000.0;21993200.0;984332300.0;148473600.0;78929000.0;199314500.0;300700700.0;0.0
2012-03;79.47647857666016;8.269255638122559;20.589338302612305;34.0743293762207;22.39551544189453;26.1127872467041;23.98518180847168;59.20335388183594;48.01567077636719;56.133907318115234;0.06499999761581421;154174100.0;963165900.0;726544100.0;820652500.0;27171600.0;942366500.0;230840400.0;85082700.0;185822200.0;338912600.0;0.0
2012-04;76.67854309082031;7.474134922027588;20.794349670410156;31.851123809814453;23.004472732543945;25.918516159057617;24.826671600341797;57.311092376708984;46.52836990356445;55.88148880004883;0.09000000357627869;129263800.0;937904000.0;747858300.0;617224800.0;21394800.0;940739700.0;178009200.0;72470800.0;251787900.0;300234500.0;0.0
2012-05;65.65138244628906;7.0273542404174805;18.919933319091797;24.727237701416016;23.321338653564453;23.627782821655273;24.007768630981445;54.96405792236328;51.98603820800781;50.89136505126953;0.05999999865889549;157796600.0;1012184100.0;872560200.0;1294302900.0;23898200.0;1014372600.0;205013600.0;77808800.0;247098000.0;353685200.0;0.0
2012-06;63.620845794677734;6.3818488121032715;19.654457092285156;26.651708602905273;25.096506118774414;24.923484802246094;19.54530143737793;58.195777893066406;55.440006256103516;55.7646484375;0.07999999821186066;154481000.0;956337200.0;789493000.0;1033963700.0;33500800.0;973131400.0;339438800.0;69290700.0;229264800.0;497990800.0;0.0
2012-07;63.096370697021484;6.1489338874816895;18.953832626342773;26.853097915649414;25.191680908203125;24.010950088500977;20.785526275634766;55.868255615234375;59.185306549072266;56.598793029785156;0.10000000149011612;172984300.0;848181000.0;767755500.0;814935400.0;26129400.0;846604100.0;277826000.0;81493600.0;210686500.0;314314800.0;0.0
2012-08;64.34402465820312;6.215482234954834;18.312196731567383;27.934444427490234;25.551809310913086;25.110877990722656;21.67839813232422;54.53822326660156;57.730125427246094;56.89208984375;0.08500000089406967;145343300.0;674626400.0;753682300.0;468135900.0;17231000.0;671748400.0;212740400.0;55741400.0;163618500.0;248010000.0;0.0
2012-09;64.87942504882812;6.597225666046143;16.858211517333984;30.446590423583984;25.80133056640625;24.407861709594727;21.210250854492188;53.279659271240234;59.001731872558594;59.983863830566406;0.09000000357627869;157670000.0;767225900.0;933236400.0;485796100.0;20863400.0;893107700.0;252478000.0;124613800.0;121605000.0;254195800.0;0.0
2012-10;63.951904296875;7.467041492462158;16.09193229675293;31.34915542602539;25.626670837402344;23.407268524169922;20.421375274658203;54.53032684326172;59.977088928222656;59.800209045410156;0.10499999672174454;154601200.0;931586400.0;1116041800.0;517965600.0;18523800.0;1105402300.0;198277200.0;78419400.0;144858200.0;241112300.0;0.0
2012-11;64.664306640625;7.6982316970825195;14.559369087219238;31.126070022583008;26.982213973999023;21.832565307617188;21.78459358215332;54.42609786987305;57.578643798828125;57.81276321411133;0.07500000298023224;131418100.0;886550600.0;1158066100.0;467570200.0;28351200.0;1310516100.0;188968400.0;69382800.0;193687500.0;285676100.0;0.0
2012-12;67.97946166992188;8.706733703613281;15.49860954284668;33.3158073425293;26.551727294921875;22.086387634277344;23.06287956237793;55.336334228515625;54.548622131347656;57.12529754638672;0.03500000014901161;115496400.0;1202835100.0;805637100.0;461095700.0;20687000.0;947310900.0;187460200.0;71280400.0;198433700.0;282441200.0;0.0
2013-01;75.07007598876953;8.706733703613281;15.814291954040527;35.649505615234375;26.198938369750977;22.69829750061035;24.262235641479492;59.5092658996582;56.23405075073242;59.382598876953125;0.06499999761581421;139248800.0;1270969800.0;1220335600.0;522625800.0;37382400.0;1145054400.0;149268200.0;88022700.0;152007900.0;261496700.0;0.0
2013-02;70.47687530517578;8.540568351745605;15.6940279006958;37.32101821899414;28.266271591186523;22.987712860107422;24.4462833404541;62.03102493286133;56.901302337646484;59.10538101196289;0.10000000149011612;101518700.0;643595600.0;702460600.0;450398100.0;28077200.0;780587000.0;123347800.0;76390200.0;205455800.0;237182000.0;0.0
2013-03;66.35676574707031;8.906304359436035;16.592021942138672;36.207191467285156;30.905078887939453;23.85336685180664;26.591480255126953;64.95071411132812;60.15717697143555;59.85492706298828;0.06499999761581421;122103600.0;648764200.0;755792900.0;499332300.0;24554800.0;844946000.0;197793600.0;69668200.0;151456500.0;265045600.0;0.0
2013-04;64.60191345214844;9.285582542419434;18.195009231567383;37.38967514038086;30.228574752807617;27.596858978271484;28.659852981567383;64.90534210205078;62.883602142333984;59.110992431640625;0.04500000178813934;177758200.0;802194900.0;1251872500.0;489433900.0;29341800.0;1465757200.0;147312200.0;76190400.0;165085800.0;296347200.0;0.0
2013-05;65.88461303710938;10.619836807250977;18.44570541381836;41.90705871582031;29.1655216217041;29.09760284423828;27.78563690185547;64.95071411132812;60.55338668823242;60.09409713745117;0.029999999329447746;147274700.0;998950500.0;740062700.0;549824600.0;23535800.0;1071860000.0;143206000.0;80502400.0;162295100.0;276095000.0;0.0
2013-06;63.342926025390625;10.554588317871094;18.58112907409668;40.525245666503906;29.705947875976562;28.999385833740234;28.79198455810547;65.84783172607422;60.631675720214844;60.42953872680664;0.029999999329447746;121551200.0;840682200.0;870588100.0;440217000.0;28421800.0;945155500.0;179310200.0;64818600.0;162608600.0;291767600.0;0.0
2013-07;63.66543197631836;11.516580581665039;17.89861488342285;42.7822151184082;30.233684539794922;26.732501983642578;28.448352813720703;66.09149169921875;63.43983840942383;62.703582763671875;0.029999999329447746;145520800.0;857103700.0;1016381600.0;414604000.0;21560000.0;1111130600.0;139193800.0;85446700.0;113025400.0;237784200.0;0.0
2013-08;63.82313919067383;11.110869407653809;16.855680465698242;39.07318115234375;28.700984954833984;28.042259216308594;28.403146743774414;65.16255187988281;59.40260314941406;58.29594039916992;0.019999999552965164;116049500.0;738452700.0;648993400.0;343831300.0;17983000.0;1051265000.0;136639400.0;55845500.0;133848900.0;271631600.0;0.0
2013-09;64.48812103271484;11.577544212341309;17.748510360717773;39.970184326171875;27.449426651000977;28.138399124145508;32.95231628417969;70.06793975830078;60.56584167480469;57.944580078125;0.004999999888241291;103496700.0;771336600.0;645551600.0;434870300.0;20476600.0;1242961500.0;226198200.0;53471600.0;124109700.0;238532800.0;0.0
2013-10;64.45716857910156;11.742247581481934;18.94878387451172;39.854190826416016;29.33737564086914;29.93931770324707;34.36766815185547;75.33628845214844;62.85057830810547;60.3555793762207;0.032999999821186066;126277800.0;860633500.0;797993300.0;482265300.0;29473400.0;965331500.0;178418000.0;73626200.0;150995900.0;287672200.0;0.0
2013-11;65.87416076660156;11.788605690002441;18.4609375;44.572322845458984;29.428165435791016;32.239097595214844;35.900962829589844;78.51107025146484;66.33908081054688;62.95515060424805;0.054999999701976776;91788100.0;672392400.0;591599400.0;365912800.0;16849600.0;800431600.0;102247600.0;63275300.0;113143600.0;250351200.0;0.0
2013-12;70.70960235595703;10.649771690368652;20.290788650512695;45.55382537841797;29.39404296875;31.870223999023438;35.67414474487305;81.07909393310547;64.43926239013672;68.61801147460938;0.06300000101327896;103160000.0;1037390500.0;614535900.0;330218200.0;22778600.0;826617700.0;162278800.0;59003800.0;117743800.0;269290800.0;0.0
2014-01;73.1234130859375;10.325380325317383;19.180889129638672;43.12345886230469;27.520143508911133;32.23652648925781;33.1511116027832;73.47892761230469;61.51144790649414;62.48847198486328;0.009999999776482582;149976200.0;1003488000.0;834053300.0;425415900.0;40881400.0;930226200.0;167970600.0;84589700.0;146048800.0;256867500.0;0.0
2014-02;75.99957275390625;10.707306861877441;19.352840423583984;44.55022048950195;28.47206687927246;32.6369514465332;35.631202697753906;73.89559173583984;61.52791976928711;65.27523803710938;0.0430000014603138;114906100.0;712696400.0;510845400.0;345203100.0;33117200.0;705304500.0;136880200.0;67875300.0;140708800.0;253283700.0;0.0
2014-03;77.88054656982422;10.853411674499512;20.365917205810547;47.60021209716797;30.761831283569336;35.18193817138672;33.71391296386719;75.67050170898438;62.95286178588867;66.70037841796875;0.02800000086426735;120229900.0;617354600.0;587134100.0;425852600.0;29510000.0;778425700.0;178531800.0;60629200.0;143316900.0;255698300.0;0.0
2014-04;82.60652923583984;11.236061096191406;21.0602970123291;43.89159393310547;30.530292510986328;34.675533294677734;33.29853057861328;76.54083251953125;66.07805633544922;69.93022155761719;0.019999999552965164;114458600.0;664199500.0;735615600.0;408990800.0;23585600.0;746112500.0;166126400.0;66424800.0;133598600.0;230896100.0;0.0
2014-05;80.59383392333984;11.527210235595703;21.557405471801758;43.844757080078125;31.168001174926758;35.13901138305664;35.10610580444336;80.7214126586914;63.64085006713867;68.64646911621094;0.029999999329447746;81653000.0;504923500.0;491940100.0;315091600.0;16740200.0;574362900.0;113444000.0;50197800.0;121597900.0;179886600.0;0.0
2014-06;85.67083740234375;12.088143348693848;24.591793060302734;45.462215423583984;30.857648849487305;36.04383087158203;35.509979248046875;80.30066680908203;62.61688995361328;69.21569061279297;0.019999999552965164;68902600.0;558700700.0;761349300.0;263682000.0;20789800.0;555767300.0;165319600.0;50431800.0;125875700.0;208876600.0;0.0
2014-07;79.42703247070312;11.93388843536377;26.971384048461914;45.501670837402344;28.353347778320312;37.30579376220703;35.31766128540039;75.94381713867188;61.37405014038086;68.01944732666016;0.017999999225139618;81170300.0;618952400.0;835570200.0;317245600.0;23693800.0;731616500.0;134401800.0;50710300.0;120165500.0;189374200.0;0.0
2014-08;86.52991485595703;12.294814109802246;27.791109085083008;47.23398971557617;30.194622039794922;39.26788330078125;35.967872619628906;76.13153076171875;62.97554397583008;68.3769302368164;0.017999999225139618;93200800.0;420844900.0;593322200.0;241542700.0;18818800.0;513919700.0;115312800.0;59857200.0;114715100.0;187451500.0;0.0
2014-09;78.56475830078125;10.444592475891113;27.8958683013916;47.86164855957031;28.98578643798828;40.32202911376953;40.96782302856445;77.4193115234375;64.20484924316406;65.10806274414062;0.013000000268220901;106277300.0;655672700.0;558097600.0;264895100.0;21154800.0;860827300.0;217202400.0;59222800.0;120321400.0;231833300.0;0.0
2014-10;80.4529037475586;9.950255393981934;27.246932983398438;48.05234146118164;30.640884399414062;40.83517837524414;42.699310302734375;82.63365173339844;64.03693389892578;66.94952392578125;0.003000000026077032;131520200.0;910293700.0;894696800.0;415450800.0;38124600.0;853260900.0;183619800.0;83362100.0;177386600.0;342094700.0;0.0
2014-11;80.41826629638672;11.20734691619873;29.8426456451416;48.120121002197266;32.38286209106445;41.58317565917969;45.60197448730469;86.57978820800781;73.49931335449219;62.67822265625;0.004999999888241291;71483300.0;602657400.0;562628200.0;211518300.0;24048200.0;523005900.0;99490000.0;69901700.0;159253200.0;218128400.0;0.0
2014-12;73.16783905029297;11.043475151062012;29.26417350769043;50.055816650390625;32.36980056762695;40.655120849609375;44.159820556640625;88.10786437988281;72.1055679321289;64.46251678466797;0.03700000047683716;123785900.0;593521500.0;600051700.0;347616300.0;23946800.0;626771200.0;168706000.0;72327900.0;138945800.0;400812400.0;0.0
2015-01;63.92694091796875;10.480613708496094;26.643381118774414;43.496883392333984;31.265369415283203;35.35988998413086;42.49045944213867;78.3357162475586;71.74854278564453;60.95525360107422;0.004999999888241291;169973700.0;596890300.0;689892600.0;468205900.0;33390600.0;918966800.0;130906000.0;92901100.0;158927700.0;326819500.0;0.0
2015-02;66.8125228881836;11.76075553894043;26.812728881835938;49.331298828125;33.01279067993164;38.37948226928711;44.73359298706055;80.62620544433594;70.86200714111328;61.7362174987793;0.00800000037997961;109718100.0;524690500.0;456578100.0;319008100.0;18747800.0;656509700.0;138933400.0;56880100.0;138540500.0;276447700.0;0.0
2015-03;64.49945831298828;11.616801261901855;25.396928787231445;48.76779556274414;33.770450592041016;35.8407096862793;46.34613800048828;77.38032531738281;69.443603515625;59.71398162841797;0.02500000037252903;125192400.0;609978100.0;910690800.0;332553100.0;36776000.0;824335300.0;189358200.0;64639800.0;142533000.0;330260500.0;0.0
2015-04;70.02017211914062;11.372089385986328;26.436521530151367;50.92523193359375;32.977752685546875;42.874874114990234;45.65785598754883;80.2459716796875;66.2933349609375;61.378936767578125;0.004999999888241291;128138200.0;539789600.0;568144200.0;325069500.0;26481400.0;874535300.0;112486800.0;73885900.0;143685100.0;251671200.0;0.0
2015-05;69.33280944824219;11.021587371826172;27.987794876098633;53.30583953857422;34.55846405029297;41.30584716796875;46.96514129638672;79.20027923583984;63.082698822021484;59.854488372802734;0.003000000026077032;87207100.0;428759700.0;498672700.0;267792200.0;17734400.0;633072800.0;114083800.0;63584300.0;151125700.0;198924100.0;0.0
2015-06;68.92648315429688;10.905342102050781;24.885231018066406;54.910362243652344;35.63704299926758;39.16997528076172;50.03467559814453;77.92850494384766;60.626041412353516;58.932884216308594;0.009999999776482582;76847900.0;578382200.0;701953000.0;337237800.0;23649400.0;664853400.0;137113200.0;60264900.0;176565700.0;238808600.0;0.0
2015-07;63.89634704589844;10.774563789367676;23.68269157409668;55.534339904785156;36.10368728637695;41.43233871459961;53.36970138549805;82.31104278564453;61.523521423339844;56.1066780090332;0.057999998331069946;144266200.0;672444200.0;829691000.0;325426300.0;33140000.0;725458100.0;126937800.0;64611900.0;150420400.0;274029000.0;0.0
2015-08;62.690269470214844;10.180054664611816;23.347288131713867;52.2839241027832;35.07805252075195;38.61103439331055;51.76240539550781;78.52356719970703;55.32671356201172;53.29457473754883;0.003000000026077032;155993300.0;596466400.0;706404700.0;373209100.0;32216400.0;776480300.0;169758600.0;74416900.0;227361100.0;387523600.0;0.0
2015-09;53.60332107543945;9.959867477416992;24.86100196838379;49.73091125488281;36.361183166503906;39.52650833129883;56.959476470947266;79.9273452758789;55.79916000366211;53.15693283081055;0.004999999888241291;173293300.0;744638400.0;680884100.0;354030500.0;38664800.0;673079900.0;222222800.0;70596400.0;190814000.0;316644500.0;0.0
2015-10;59.86085510253906;10.869980812072754;27.929447174072266;52.406280517578125;37.15760803222656;47.010292053222656;60.84675598144531;83.43415832519531;49.25886535644531;59.1554069519043;0.06800000369548798;157644200.0;668696500.0;703298300.0;332436100.0;35106400.0;856716800.0;177921400.0;65687500.0;347169000.0;318077700.0;0.0
2015-11;60.247886657714844;10.624711036682129;28.6800594329834;54.780765533447266;38.20273971557617;48.53740692138672;61.42722702026367;83.42604064941406;50.635765075683594;58.383270263671875;0.17000000178813934;102799600.0;443767100.0;459871400.0;248028500.0;22756400.0;662626600.0;163167800.0;49048800.0;224629400.0;264207900.0;0.0
2015-12;56.358516693115234;10.446764945983887;28.61627960205078;54.246768951416016;38.04267120361328;49.88051223754883;58.04658889770508;78.48172760009766;52.75276184082031;56.216609954833984;0.14800000190734863;140947200.0;587975700.0;427664700.0;316546000.0;26846000.0;792820900.0;234856100.0;75692000.0;226975100.0;367069000.0;0.0
2016-01;51.61498260498047;8.852689743041992;25.767112731933594;48.88206481933594;39.30809020996094;49.52988815307617;57.73111343383789;76.01055145263672;57.585567474365234;56.144474029541016;0.30000001192092896;173549300.0;1087624700.0;615464900.0;470257300.0;40738200.0;927914700.0;201105100.0;68562300.0;264665800.0;418954700.0;0.0
2016-02;56.845829010009766;9.58813190460205;24.579267501831055;46.563385009765625;41.67184829711914;45.74479675292969;57.340091705322266;78.7426986694336;57.56820297241211;57.80323028564453;0.30799999833106995;128153700.0;795878200.0;526508800.0;477952300.0;36840800.0;814770900.0;211308000.0;76065200.0;263102700.0;359915800.0;0.0
2016-03;64.26853942871094;10.346902847290039;27.108407974243164;48.97840881347656;44.451175689697266;50.01228332519531;57.22837448120117;86.70550537109375;59.43391799926758;60.831268310546875;0.19300000369548798;142001200.0;723070900.0;471958200.0;356907400.0;37459600.0;641110900.0;230587100.0;60881700.0;203107900.0;292841700.0;0.0
2016-04;65.25935363769531;10.392889976501465;25.373807907104492;52.27009963989258;41.90420150756836;45.15864181518555;55.01442337036133;86.3766860961914;58.457725524902344;64.33165740966797;0.19300000369548798;121780600.0;736240700.0;515836800.0;344767700.0;40031200.0;699025700.0;178121800.0;48451600.0;141253600.0;221801200.0;0.0
2016-05;61.47832107543945;10.453271865844727;26.471546173095703;54.381771087646484;43.56233215332031;47.99296188354492;51.54218292236328;84.74894714355469;61.87583541870117;64.7828369140625;0.28299999237060547;112144400.0;543642100.0;431523200.0;283915300.0;24390800.0;530704800.0;192375000.0;56002300.0;232976200.0;219170200.0;0.0
2016-06;64.2762451171875;9.740375518798828;27.72291374206543;51.77391052246094;47.87056350708008;46.65991973876953;51.52351760864258;89.234619140625;64.3014144897461;68.79109191894531;0.24799999594688416;106062600.0;778155400.0;484891000.0;394697700.0;33130000.0;823627000.0;316677800.0;59039900.0;185919600.0;252091800.0;0.0
2016-07;70.16889953613281;9.810113906860352;29.464046478271484;53.29863739013672;45.88698196411133;51.68428421020508;51.95486831665039;89.54938507080078;64.25738525390625;65.27593994140625;0.23999999463558197;103865800.0;756186500.0;530528900.0;283878900.0;27473800.0;647587800.0;166822100.0;48774900.0;137723500.0;209716200.0;0.0
2016-08;70.1514663696289;9.87067985534668;30.33460807800293;56.67756652832031;45.94203567504883;52.39552688598633;53.958187103271484;90.47718811035156;62.910064697265625;63.94766616821289;0.3199999928474426;74539900.0;726884900.0;390892300.0;263306200.0;20365400.0;467078900.0;181042100.0;46169800.0;212460000.0;235412300.0;0.0
2016-09;75.98955535888672;9.455483436584473;32.14856719970703;55.913455963134766;45.0228271484375;52.850547790527344;49.28692626953125;91.23485565185547;63.94363021850586;64.59661102294922;0.25999999046325684;99198200.0;746043700.0;505600300.0;316507200.0;28755200.0;526427800.0;230941100.0;53175200.0;176983900.0;271447100.0;0.0
2016-10;71.44406127929688;9.196967124938965;29.695903778076172;58.1553955078125;43.19795608520508;54.979251861572266;47.10545349121094;89.90003204345703;62.08170700073242;61.66577911376953;0.29499998688697815;105556900.0;657689600.0;471649900.0;304123000.0;32171000.0;614841800.0;190328000.0;43726800.0;170716200.0;192041100.0;0.0
2016-11;82.52408599853516;9.486039161682129;29.551132202148438;67.80550384521484;41.278926849365234;55.29121780395508;47.0021858215332;96.7076187133789;62.445220947265625;64.61140441894531;0.46799999475479126;121009500.0;736856500.0;412448100.0;458561900.0;26435400.0;613056800.0;166212700.0;62746300.0;210370600.0;233089000.0;0.0
2016-12;80.0887680053711;9.620874404907227;31.12203025817871;72.98163604736328;42.24299240112305;57.401363372802734;47.71562957763672;96.31031036376953;61.28376770019531;67.3936538696289;0.47999998927116394;88839100.0;709201400.0;405906200.0;343139500.0;28147200.0;513579700.0;215471200.0;52181200.0;162527500.0;220435500.0;0.0
2017-01;82.61043548583984;9.80329704284668;31.593971252441406;71.57765197753906;43.46737289428711;59.71997833251953;49.83796691894531;91.68128204345703;59.59708786010742;62.63741683959961;0.5;94104300.0;879509200.0;456335100.0;343161300.0;34812200.0;493453500.0;175931200.0;53083500.0;181828000.0;252514500.0;0.0
2017-02;84.1666488647461;10.098294258117676;31.061975479125977;77.0678939819336;44.77298355102539;59.1010627746582;53.851383209228516;88.85012817382812;63.3386344909668;60.718502044677734;0.5230000019073486;85107800.0;586173700.0;477551300.0;271414600.0;31780800.0;440744000.0;178369800.0;83748000.0;207967400.0;237345100.0;0.0
2017-03;80.77073669433594;9.381019592285156;31.171377182006836;74.70365142822266;44.37721633911133;61.20654296875;52.504154205322266;90.83544158935547;64.36556243896484;61.79360580444336;0.7379999756813049;142419000.0;952495700.0;546151800.0;371669000.0;32905000.0;489169700.0;249512200.0;60386400.0;191103100.0;315475000.0;0.0
2017-04;89.0428695678711;9.244010925292969;31.24051284790039;73.98926544189453;45.44626998901367;63.62282943725586;52.365325927734375;90.97089385986328;67.62738800048828;61.522361755371094;0.7799999713897705;111612100.0;779918200.0;444122200.0;321139800.0;28018200.0;433191200.0;137922800.0;55734700.0;127527200.0;192624700.0;0.0
2017-05;92.56566619873047;9.08271598815918;31.205934524536133;70.2660140991211;47.60197448730469;64.90531921386719;50.07830047607422;89.70954132080078;70.70384979248047;60.655845642089844;0.949999988079071;103921000.0;932923800.0;432927300.0;283639500.0;19571200.0;517218500.0;223428200.0;54330100.0;182345800.0;220122400.0;0.0
2017-06;94.3479995727539;9.13988971710205;29.374723434448242;78.17790222167969;44.567138671875;64.42679595947266;55.7580680847168;94.36582946777344;68.53276062011719;61.403587341308594;0.9929999709129333;105087500.0;850617600.0;499455600.0;334136800.0;28308200.0;629716800.0;275425100.0;61257900.0;247520700.0;303836700.0;0.0
2017-07;100.04608917236328;9.164396286010742;30.880895614624023;78.52003479003906;43.557064056396484;67.95050811767578;55.99553298950195;94.10987091064453;72.43571472167969;60.87876510620117;1.0529999732971191;86813400.0;697037000.0;440860400.0;271473000.0;47621400.0;469851200.0;158127000.0;51627600.0;143448100.0;201333900.0;0.0
2017-08;103.89874267578125;9.12490463256836;30.532649993896484;78.1692886352539;43.69160461425781;69.88528442382812;50.07830047607422;97.58277130126953;70.69705963134766;58.05692672729492;0.9779999852180481;66522800.0;760514500.0;497303200.0;253237800.0;51300000.0;444070500.0;174951200.0;48428900.0;203652700.0;224413200.0;0.0
2017-09;110.28353881835938;9.902549743652344;33.402095794677734;82.14268493652344;47.14082336425781;69.99449920654297;49.33692932128906;103.2343978881836;71.20552062988281;62.95872497558594;1.027999997138977;64132400.0;682274700.0;431948900.0;250922800.0;47387000.0;375983900.0;211929400.0;43751100.0;161153600.0;216249200.0;0.0
2017-10;120.09061431884766;10.150733947753906;39.90181350708008;86.52890014648438;45.71246337890625;78.16006469726562;52.324745178222656;101.03372192382812;79.56173706054688;64.01084899902344;1.1230000257492065;92524700.0;874278600.0;633392500.0;259433200.0;44706000.0;449950000.0;247775300.0;53481200.0;198775100.0;172408300.0;0.0
2017-11;125.5662841796875;10.486166000366211;39.33164978027344;90.41710662841797;47.15496826171875;79.0903091430664;57.49155044555664;104.40351104736328;88.60139465332031;63.964786529541016;1.2380000352859497;61119100.0;701585400.0;579910400.0;256086400.0;44637400.0;421926000.0;182957400.0;58559500.0;222703100.0;191810600.0;0.0
2017-12;140.18226623535156;10.461038589477539;40.72945785522461;92.51061248779297;47.030372619628906;80.78131103515625;59.51831817626953;103.18728637695312;89.98651123046875;64.82803344726562;1.3550000190734863;74722200.0;597327400.0;559756900.0;284432100.0;32408800.0;466203300.0;198525200.0;57106900.0;166774100.0;220601300.0;0.0
2018-01;144.8081512451172;9.187958717346191;42.47650909423828;100.06266784667969;50.45307540893555;89.72449493408203;65.12909698486328;110.26274108886719;97.65180969238281;67.66484069824219;1.4299999475479126;134897200.0;1142142300.0;910041000.0;304940100.0;50958800.0;574258400.0;157812200.0;79526300.0;169694600.0;233944600.0;0.0
2018-02;138.19647216796875;9.105279922485352;43.49121856689453;100.43608093261719;49.53001022338867;88.55345916748047;63.99300003051758;90.42205047607422;82.45439910888672;58.70486068725586;1.6180000305175781;126876000.0;970377300.0;608494100.0;354632300.0;37889200.0;725663300.0;160317000.0;131437800.0;307532700.0;369414700.0;0.0
2018-03;131.7169647216797;9.508622169494629;46.26474380493164;95.62733459472656;49.34910202026367;86.59741973876953;63.42974090576172;91.40654754638672;81.501708984375;58.420372009277344;1.6699999570846558;125301400.0;1007233600.0;710899300.0;321513800.0;46461600.0;750754800.0;174066700.0;93099200.0;256003000.0;356741300.0;0.0
2018-04;129.01788330078125;9.645929336547852;45.85611343383789;94.592529296875;48.894535064697266;88.73224639892578;65.48887634277344;99.12706756591797;81.51761627197266;60.8790283203125;1.7630000114440918;118197600.0;882033000.0;666315000.0;340100300.0;40462200.0;668130700.0;158981900.0;77487800.0;163581800.0;285826800.0;0.0
2018-05;136.44912719726562;10.044953346252441;49.036373138427734;93.52525329589844;47.08143997192383;93.77986907958984;68.75422668457031;101.41529846191406;76.0622329711914;63.61172866821289;1.8700000047683716;91621300.0;701227100.0;486323900.0;273649200.0;37722200.0;509417900.0;129566300.0;67943000.0;248483300.0;299337700.0;0.0
2018-06;121.8619613647461;9.627500534057617;44.414241790771484;91.0693588256836;54.11568832397461;93.96719360351562;76.29995727539062;93.50753784179688;79.42540740966797;65.43500518798828;1.8799999952316284;90552600.0;762713500.0;638342400.0;307772000.0;50845800.0;602585200.0;156494400.0;63027700.0;185619400.0;257136500.0;0.0
2018-07;129.16452026367188;8.731717109680176;42.97576141357422;100.46470642089844;54.791603088378906;101.0854721069336;73.85318756103516;105.53160095214844;82.7452392578125;64.47005462646484;1.9850000143051147;98578900.0;851569700.0;479303100.0;298256100.0;36694600.0;569352300.0;122265700.0;52384600.0;117596900.0;204469200.0;0.0
2018-08;125.4830093383789;8.36059284210205;43.27061080932617;100.68553161621094;58.470577239990234;107.04120635986328;78.93292999267578;108.16348266601562;88.89340209960938;63.4101676940918;2.055000066757202;96097600.0;858463900.0;516977100.0;234427900.0;28837400.0;456628100.0;123704500.0;46590000.0;205659500.0;215072500.0;0.0
2018-09;137.8098907470703;8.157751083374023;42.50900650024414;99.15653228759766;61.68721389770508;109.40457916259766;81.55314636230469;103.5456771850586;87.5909194946289;67.93988037109375;2.1500000953674316;80648700.0;803729200.0;462762400.0;232549000.0;31805400.0;480255500.0;165674100.0;50754200.0;127212500.0;227023600.0;0.0
2018-10;109.64060974121094;8.42232894897461;42.14046096801758;95.79975128173828;67.42284393310547;102.17279815673828;72.23499298095703;94.49039459228516;93.53227996826172;63.67266082763672;2.2780001163482666;181855500.0;1300409700.0;782226900.0;433042000.0;50706200.0;927548000.0;199348500.0;70915300.0;216421000.0;305909200.0;0.0
2018-11;123.39054870605469;8.447940826416016;44.32478332519531;98.39082336425781;70.50225067138672;106.07565307617188;72.3119888305664;102.25077819824219;91.07925415039062;63.52882385253906;2.308000087738037;126414800.0;873823100.0;552786700.0;283227700.0;51280200.0;720228600.0;132667800.0;56818000.0;191936600.0;287081300.0;0.0
2018-12;115.56893920898438;6.867879867553711;42.45088195800781;86.38288116455078;65.44490814208984;97.58002471923828;71.58045959472656;87.21802520751953;86.88204956054688;55.043338775634766;2.299999952316284;110482700.0;956262400.0;565278100.0;425217000.0;48728800.0;944314600.0;180370600.0;83111000.0;186311800.0;380647000.0;0.0
2019-01;121.10773468017578;7.900305271148682;42.62274932861328;91.58602905273438;58.35017776489258;100.32767486572266;79.0532455444336;94.25591278076172;89.86947631835938;59.15200424194336;2.3399999141693115;119268900.0;1004292300.0;620374700.0;325890900.0;73770600.0;714212800.0;153019800.0;82892800.0;160739700.0;269226500.0;0.0
2019-02;125.71296691894531;8.010540962219238;47.905372619628906;93.09699249267578;64.17385864257812;107.62911987304688;82.77033233642578;98.54839324951172;92.83292388916016;63.79344940185547;2.382999897003174;78957600.0;730016300.0;410236000.0;224935100.0;50278600.0;469095900.0;104258200.0;60104900.0;166799500.0;245067300.0;0.0
2019-03;124.01960754394531;8.019673347473145;48.88264846801758;90.30479431152344;71.08773040771484;113.7908706665039;81.30278778076172;100.80244445800781;91.4637222290039;65.94630432128906;2.328000068664551;81109400.0;944056400.0;435022900.0;306599600.0;46462600.0;589095800.0;157838000.0;60680100.0;141147100.0;272454400.0;0.0
2019-04;127.61688232421875;9.545056343078613;46.461265563964844;103.52535247802734;72.66399383544922;126.00550079345703;85.01600646972656;95.82276153564453;96.96240234375;65.52188110351562;2.368000030517578;83893300.0;938067400.0;472425200.0;252516300.0;40349600.0;433157700.0;117371600.0;67209000.0;110606900.0;219523400.0;0.0
2019-05;110.331787109375;8.835094451904297;40.08922576904297;95.24759674072266;73.9180908203125;119.32893371582031;74.66851043701172;83.82461547851562;95.64241027832031;57.76013946533203;2.2929999828338623;107906500.0;800091600.0;637861500.0;230711900.0;33692200.0;547218800.0;161721400.0;66606800.0;155764900.0;250094000.0;0.0
2019-06;125.5080795288086;9.494012832641602;43.842506408691406;100.4971923828125;73.43016815185547;129.72569274902344;81.48649597167969;94.05274963378906;104.72856140136719;63.25978088378906;2.0350000858306885;80059200.0;627584700.0;416046000.0;248214000.0;38898000.0;508324300.0;134665600.0;66087900.0;121525000.0;218953600.0;0.0
2019-07;121.25354766845703;8.844372749328613;46.29703140258789;104.27256774902344;75.10237884521484;131.9626922607422;83.50545501708984;108.80683898925781;104.62430572509766;61.385841369628906;2.0299999713897705;90354900.0;891313400.0;431034400.0;232008700.0;29202800.0;484079900.0;117789600.0;80392100.0;91286900.0;186899500.0;0.0
2019-08;110.4291000366211;8.637293815612793;43.42121124267578;99.45246124267578;77.42536926269531;133.50244140625;82.0203628540039;108.06912231445312;108.30199432373047;56.53177261352539;1.9329999685287476;89144500.0;749401800.0;531370100.0;259393900.0;42049000.0;584482000.0;138117200.0;68599000.0;157874200.0;277599800.0;0.0
2019-09;117.21260070800781;8.627872467041016;47.513221740722656;106.54068756103516;74.30210876464844;135.08377075195312;91.39944458007812;110.05317687988281;113.04523468017578;59.01490020751953;1.7699999809265137;79539300.0;659445200.0;387955800.0;229360700.0;27765200.0;472544800.0;134314200.0;57325600.0;105362500.0;215355500.0;0.0
2019-10;127.87505340576172;8.090986251831055;52.123470306396484;113.08573913574219;76.3890380859375;139.3005828857422;87.146728515625;105.7822036743164;111.69266510009766;56.47411346435547;1.4980000257492065;99891300.0;888712200.0;438267300.0;251981600.0;32735200.0;549523400.0;155234600.0;70022500.0;96407600.0;237608200.0;0.0
2019-11;135.36158752441406;8.67373275756836;53.524986267089844;120.23324584960938;80.73328399658203;147.083251953125;90.9809799194336;109.97052001953125;113.43577575683594;56.94215393066406;1.5399999618530273;63786700.0;669268700.0;319751400.0;191200900.0;25745400.0;392371800.0;109098200.0;49247300.0;116620600.0;249330500.0;0.0
2019-12;138.12063598632812;8.9035005569458;55.48839569091797;127.20487213134766;80.96224975585938;153.74520874023438;98.8483657836914;108.35649871826172;113.1976318359375;59.02455139160156;1.5049999952316284;54988100.0;746135500.0;419629000.0;212915300.0;24941200.0;450303300.0;130170700.0;61191300.0;98422700.0;286029400.0;0.0
2020-01;122.84765625;8.443964004516602;59.27106475830078;120.78076171875;78.21065521240234;165.9609832763672;93.96011352539062;95.82319641113281;109.54332733154297;52.54521179199219;1.5099999904632568;64504300.0;1088852400.0;534150100.0;247990900.0;36677600.0;558530000.0;122158200.0;66496900.0;127907500.0;359133900.0;0.0
2020-02;117.01295471191406;6.776585102081299;51.47394561767578;106.632568359375;69.98600769042969;157.94712829589844;87.20823669433594;83.76199340820312;103.02757263183594;43.51136016845703;1.2300000190734863;73414400.0;1639965500.0;441506700.0;240714700.0;28784400.0;887522300.0;138959900.0;98177400.0;132414100.0;479874900.0;0.0
2020-03;109.28996276855469;4.702716827392578;50.423065185546875;82.68133544921875;67.60193634033203;154.17495727539062;80.95355987548828;87.33099365234375;108.7109146118164;32.578636169433594;0.029999999329447746;157650200.0;2622835900.0;961035400.0;734330700.0;68467000.0;1612695500.0;344640300.0;163951500.0;318954800.0;1171277200.0;0.0
2020-04;109.61018371582031;4.955864906311035;55.882774353027344;87.9436264038086;75.08453369140625;175.1930389404297;85.2977066040039;88.49018096923828;116.8128890991211;39.87171936035156;0.09000000357627869;116563800.0;1954784400.0;617557900.0;531938200.0;32647600.0;984705000.0;165095600.0;109677700.0;207159800.0;791507100.0;0.0
2020-05;114.18077850341797;5.559525489807129;58.63125991821289;90.29576873779297;84.20507049560547;179.14244079589844;96.4515609741211;93.21101379394531;119.22506713867188;39.013710021972656;0.12800000607967377;84708000.0;1805254600.0;409253500.0;497858600.0;32986200.0;688845000.0;135741000.0;85652700.0;186789700.0;477169600.0;0.0
2020-06;120.23532104492188;5.919775485992432;56.05790328979492;87.28001403808594;86.24818420410156;199.50242614746094;96.17230987548828;105.02347564697266;115.61822509765625;39.11417770385742;0.13500000536441803;84155400.0;2162095800.0;570572500.0;536015600.0;32109200.0;764965400.0;183209200.0;96980200.0;185852200.0;584980000.0;0.0
2020-07;126.29937744140625;6.4358086585998535;44.720767974853516;89.67404174804688;93.69470977783203;200.97288513183594;95.7407455444336;134.85475158691406;124.9039535522461;36.80510711669922;0.08299999684095383;66949200.0;1641503600.0;808654500.0;432613400.0;21468000.0;770190800.0;114801300.0;105688000.0;197452100.0;447137800.0;0.0
2020-08;136.27537536621094;6.640275001525879;47.73775863647461;93.87409210205078;99.4705581665039;221.08880615234375;109.74727630615234;154.55966186523438;134.02566528320312;34.93336868286133;0.0949999988079071;57363600.0;1114124800.0;667321500.0;319706000.0;16415200.0;692423900.0;115986600.0;83691800.0;230008400.0;449216800.0;0.0
2020-09;142.8253173828125;6.484490394592285;48.84492111206055;90.20121002197266;93.63355255126953;206.68653869628906;123.40864562988281;158.40573120117188;135.60401916503906;30.618967056274414;0.08500000089406967;74833100.0;1285238800.0;680429800.0;390701400.0;29993800.0;768176300.0;193213000.0;79559200.0;268657200.0;590803600.0;0.0
2020-10;150.39035034179688;7.526293754577637;41.77004623413086;91.85963439941406;87.07775115966797;198.96270751953125;118.04134368896484;149.35560607910156;134.47972106933594;29.09381103515625;0.08299999684095383;75741300.0;1420926300.0;738437500.0;325366100.0;18816600.0;631618000.0;113428500.0;89065000.0;128995000.0;630433400.0;0.0
2020-11;167.24429321289062;8.840717315673828;45.609336853027344;111.47381591796875;90.4892578125;210.36178588867188;132.41311645507812;162.62660217285156;148.0876007080078;34.00818634033203;0.07500000298023224;67278800.0;1434081400.0;676942800.0;333803100.0;20927400.0;573443000.0;109138400.0;78400800.0;137933500.0;703960200.0;0.0
2020-12;175.3661346435547;8.558359146118164;47.33784866333008;120.16439819335938;92.53152465820312;219.1393280029297;139.06820678710938;161.06455993652344;139.7135009765625;37.65114974975586;0.06499999761581421;57893500.0;1237449300.0;883810300.0;274143300.0;21262100.0;594761700.0;131293800.0;76396500.0;170368500.0;603794500.0;0.0
